problem,planner,implementation,succeeded,collision_free,seconds,joint_length,tool_length,smoothness,min_clearance_m
1,joint interpolation,armik (python),True,False,0.0002,6.1724,0.8457,7.489e-31,0.0136
1,cartesian interpolation,armik (python),False,False,1.6981,,,,
1,rrt connect,armik (python),True,True,0.0564,6.4798,1.1721,8.056e-06,0.0872
1,pilz ptp,moveit (c++),True,False,0.0005,6.1724,0.8457,4.83e-31,0.0136
1,pilz lin,moveit (c++),False,False,0.0007,,,,
1,ompl rrtconnect,moveit (c++),True,False,0.0177,7.0901,2.3408,1.997e-05,0.1233
1,chomp,moveit (c++),True,True,0.3941,6.212,0.6925,1.911e-06,0.1118
1,stomp,moveit (c++),True,True,0.1428,6.224,0.8021,3.24e-07,0.1157
2,joint interpolation,armik (python),True,False,0.0001,4.5935,1.0286,4.731e-31,0.0114
2,cartesian interpolation,armik (python),False,False,1.6977,,,,
2,rrt connect,armik (python),True,True,0.0463,4.6541,1.18,1.317e-06,0.0616
2,pilz ptp,moveit (c++),True,False,0.0004,4.5935,1.0286,2.64e-31,0.0114
2,pilz lin,moveit (c++),False,False,0.0111,,,,
2,ompl rrtconnect,moveit (c++),True,True,0.0269,11.0079,4.2417,0.000431,0.0957
2,chomp,moveit (c++),True,True,0.388,4.692,1.0011,4.002e-06,0.0957
2,stomp,moveit (c++),True,True,0.115,4.6099,1.1082,1.724e-07,0.0657
3,joint interpolation,armik (python),True,False,0.0002,8.293,1.1286,8.269e-31,0.1596
3,cartesian interpolation,armik (python),False,False,1.7118,,,,
3,rrt connect,armik (python),True,True,0.0533,8.4222,0.8671,1.052e-05,0.1131
3,pilz ptp,moveit (c++),True,False,0.0004,8.293,1.1286,3.654e-31,0.1596
3,pilz lin,moveit (c++),False,False,0.0006,,,,
3,ompl rrtconnect,moveit (c++),True,True,0.0118,8.583,1.0657,1.881e-05,0.1273
3,chomp,moveit (c++),False,False,0.5945,,,,
3,stomp,moveit (c++),False,False,5.0011,,,,
4,joint interpolation,armik (python),True,False,0.0001,4.9439,0.5837,6.268e-31,0.0696
4,cartesian interpolation,armik (python),False,False,1.7251,,,,
4,rrt connect,armik (python),True,True,0.1841,9.2022,2.2653,0.0005993,0.0639
4,pilz ptp,moveit (c++),True,False,0.0003,4.9439,0.5837,3.601e-31,0.0696
4,pilz lin,moveit (c++),False,False,0.0006,,,,
4,ompl rrtconnect,moveit (c++),True,True,0.0284,8.2215,2.9687,0.0001344,0.0687
4,chomp,moveit (c++),False,False,0.5988,,,,
4,stomp,moveit (c++),True,True,0.2938,5.0086,0.6621,5.319e-07,0.0783
5,joint interpolation,armik (python),True,False,0.0001,6.0174,0.7468,7.64e-31,0.0801
5,cartesian interpolation,armik (python),False,False,1.7087,,,,
5,rrt connect,armik (python),True,True,0.0605,6.7394,0.7275,3.956e-05,0.0711
5,pilz ptp,moveit (c++),True,False,0.0004,6.0174,0.7468,6.247e-31,0.0801
5,pilz lin,moveit (c++),False,False,0.001,,,,
5,ompl rrtconnect,moveit (c++),True,True,0.0112,6.8679,0.7165,2.882e-05,0.0863
5,chomp,moveit (c++),True,True,0.4628,6.1106,0.4795,3.496e-06,0.0931
5,stomp,moveit (c++),False,False,5.027,,,,
6,joint interpolation,armik (python),True,False,0.0002,4.8345,0.8123,2.365e-31,0.01
6,cartesian interpolation,armik (python),False,False,1.7051,,,,
6,rrt connect,armik (python),True,True,0.4521,9.8855,3.1714,0.0005152,0.0776
6,pilz ptp,moveit (c++),True,False,0.0003,4.8345,0.8123,1.678e-31,0.01
6,pilz lin,moveit (c++),False,False,0.0008,,,,
6,ompl rrtconnect,moveit (c++),True,False,0.0259,8.9131,2.4174,0.0001806,0.0867
6,chomp,moveit (c++),True,True,0.3759,4.9995,0.835,5.569e-06,0.0867
6,stomp,moveit (c++),False,False,5.0015,,,,
7,joint interpolation,armik (python),True,False,0.0001,4.9664,1.4179,5.92e-31,0.1296
7,cartesian interpolation,armik (python),False,False,1.7002,,,,
7,rrt connect,armik (python),True,True,0.0458,5.3304,1.1985,1.517e-05,0.1296
7,pilz ptp,moveit (c++),True,False,0.0004,4.9664,1.4179,2.719e-31,0.1296
7,pilz lin,moveit (c++),False,False,0.001,,,,
7,ompl rrtconnect,moveit (c++),True,True,0.0112,6.2976,1.3084,1.762e-05,0.1296
7,chomp,moveit (c++),False,False,0.598,,,,
7,stomp,moveit (c++),True,True,0.6448,5.3821,1.5343,2.564e-06,0.0946
8,joint interpolation,armik (python),True,False,0.0002,7.5578,1.2605,5.576e-31,0.0088
8,cartesian interpolation,armik (python),False,False,1.7274,,,,
8,rrt connect,armik (python),True,True,0.3304,7.9549,1.6905,1.742e-05,0.0452
8,pilz ptp,moveit (c++),True,False,0.0004,7.5578,1.2605,4.165e-31,0.0088
8,pilz lin,moveit (c++),False,False,0.0006,,,,
8,ompl rrtconnect,moveit (c++),True,True,0.0226,8.2898,1.7265,2.836e-05,0.0694
8,chomp,moveit (c++),True,True,0.3704,7.7029,1.054,8.459e-06,0.0971
8,stomp,moveit (c++),False,False,5.0044,,,,
9,joint interpolation,armik (python),True,False,0.0001,5.5765,0.7313,6.405e-31,0.095
9,cartesian interpolation,armik (python),False,False,1.7101,,,,
9,rrt connect,armik (python),True,True,0.0655,5.7826,0.5996,6.166e-06,0.0959
9,pilz ptp,moveit (c++),True,False,0.0004,5.5765,0.7313,3.022e-31,0.095
9,pilz lin,moveit (c++),False,False,0.0015,,,,
9,ompl rrtconnect,moveit (c++),True,True,0.0092,5.8133,1.1887,5.584e-06,0.0959
9,chomp,moveit (c++),False,False,0.6161,,,,
9,stomp,moveit (c++),True,True,0.2216,5.5892,0.703,1.225e-07,0.0947
10,joint interpolation,armik (python),True,False,0.0001,3.7157,0.5232,4.659e-31,0.0592
10,cartesian interpolation,armik (python),False,False,1.7044,,,,
10,rrt connect,armik (python),True,True,0.0454,4.529,0.6595,2.653e-05,0.1124
10,pilz ptp,moveit (c++),True,False,0.0003,3.7157,0.5232,4.027e-31,0.0592
10,pilz lin,moveit (c++),False,False,0.0021,,,,
10,ompl rrtconnect,moveit (c++),True,True,0.0056,5.4105,2.5762,2.518e-05,0.1111
10,chomp,moveit (c++),False,False,0.6113,,,,
10,stomp,moveit (c++),True,True,0.1559,3.8324,0.7974,8.734e-07,0.0969
11,joint interpolation,armik (python),True,False,0.0001,3.2843,0.7854,6.915e-31,0.0
11,cartesian interpolation,armik (python),False,False,2.034,,,,
11,rrt connect,armik (python),True,True,0.0379,4.6117,1.1003,2.703e-05,0.0848
11,pilz ptp,moveit (c++),True,False,0.0004,3.2843,0.7854,3.591e-31,0.0
11,pilz lin,moveit (c++),False,False,0.0006,,,,
11,ompl rrtconnect,moveit (c++),False,False,0.0455,,,,
11,chomp,moveit (c++),True,True,0.4015,3.501,0.5142,3.065e-06,0.0851
11,stomp,moveit (c++),False,False,5.0014,,,,
12,joint interpolation,armik (python),True,False,0.0001,3.6731,0.4188,5.97e-31,0.0092
12,cartesian interpolation,armik (python),False,False,1.7156,,,,
12,rrt connect,armik (python),True,True,0.1579,8.4604,3.0151,0.0001757,0.0705
12,pilz ptp,moveit (c++),True,False,0.0003,3.6731,0.4188,3.745e-31,0.0092
12,pilz lin,moveit (c++),False,False,0.0018,,,,
12,ompl rrtconnect,moveit (c++),False,False,0.0262,,,,
12,chomp,moveit (c++),True,True,0.369,3.7479,0.4461,2.151e-06,0.1092
12,stomp,moveit (c++),True,True,0.1022,3.7251,0.4343,3.853e-07,0.1082
13,joint interpolation,armik (python),True,False,0.0002,6.5005,0.3122,9.07e-31,0.1721
13,cartesian interpolation,armik (python),False,False,1.7043,,,,
13,rrt connect,armik (python),True,True,0.0268,6.5136,0.3132,1.823e-06,0.1707
13,pilz ptp,moveit (c++),True,False,0.0004,6.5005,0.3122,5.671e-31,0.1721
13,pilz lin,moveit (c++),False,False,0.0017,,,,
13,ompl rrtconnect,moveit (c++),False,False,0.0108,,,,
13,chomp,moveit (c++),True,True,0.3568,6.5035,0.3075,2.955e-07,0.1712
13,stomp,moveit (c++),True,True,0.1677,6.509,0.275,8.518e-08,0.1685
14,joint interpolation,armik (python),True,False,0.0001,4.386,1.3774,4.65e-31,0.1338
14,cartesian interpolation,armik (python),False,False,1.7244,,,,
14,rrt connect,armik (python),True,True,0.0376,5.442,0.9016,4.945e-05,0.1031
14,pilz ptp,moveit (c++),True,False,0.0004,4.386,1.3774,2.864e-31,0.1338
14,pilz lin,moveit (c++),False,False,0.0045,,,,
14,ompl rrtconnect,moveit (c++),True,True,0.0168,8.6654,2.222,9.873e-05,0.1141
14,chomp,moveit (c++),False,False,0.6231,,,,
14,stomp,moveit (c++),False,False,5.0013,,,,
15,joint interpolation,armik (python),True,False,0.0001,3.1234,0.6872,3.949e-31,0.0
15,cartesian interpolation,armik (python),False,False,1.7125,,,,
15,rrt connect,armik (python),True,True,0.1516,7.9115,2.7971,0.0002846,0.0596
15,pilz ptp,moveit (c++),True,False,0.0003,3.1234,0.6872,1.727e-31,0.0
15,pilz lin,moveit (c++),False,False,0.0064,,,,
15,ompl rrtconnect,moveit (c++),True,False,0.0089,6.0143,1.5359,4.98e-05,0.095
15,chomp,moveit (c++),True,True,0.4235,3.3396,0.6791,2.877e-06,0.095
15,stomp,moveit (c++),True,True,0.119,3.2537,0.6477,7.551e-07,0.0606
16,joint interpolation,armik (python),True,False,0.0001,4.6251,0.7637,5.037e-31,0.1014
16,cartesian interpolation,armik (python),False,False,1.7043,,,,
16,rrt connect,armik (python),True,True,0.0446,4.7796,0.7528,4.446e-06,0.1158
16,pilz ptp,moveit (c++),True,False,0.0004,4.6251,0.7637,2.472e-31,0.1014
16,pilz lin,moveit (c++),True,False,0.0019,2.4394,0.5476,5.812e-07,0.0844
16,ompl rrtconnect,moveit (c++),True,True,0.0179,5.2236,0.9695,9.975e-06,0.1175
16,chomp,moveit (c++),True,True,0.4506,4.7289,0.6113,2.704e-06,0.1168
16,stomp,moveit (c++),True,True,0.053,4.6367,0.7484,9.522e-08,0.1018
17,joint interpolation,armik (python),True,False,0.0001,6.4626,1.2202,5.652e-31,0.0
17,cartesian interpolation,armik (python),False,False,1.7336,,,,
17,rrt connect,armik (python),True,True,0.0481,7.1345,1.2937,3.243e-05,0.0591
17,pilz ptp,moveit (c++),True,False,0.0004,6.4626,1.2202,4.057e-31,0.0
17,pilz lin,moveit (c++),False,False,0.0026,,,,
17,ompl rrtconnect,moveit (c++),False,False,0.0209,,,,
17,chomp,moveit (c++),True,True,0.393,6.7728,1.4815,1.087e-05,0.0816
17,stomp,moveit (c++),False,False,5.0042,,,,
18,joint interpolation,armik (python),True,False,0.0001,5.5932,0.9059,6.441e-31,0.0951
18,cartesian interpolation,armik (python),False,False,1.7401,,,,
18,rrt connect,armik (python),True,True,0.0605,6.0475,0.6777,4.085e-05,0.1117
18,pilz ptp,moveit (c++),True,False,0.0003,5.5932,0.9059,3.827e-31,0.0951
18,pilz lin,moveit (c++),False,False,0.0007,,,,
18,ompl rrtconnect,moveit (c++),True,True,0.0199,6.3791,0.6587,1.466e-05,0.1362
18,chomp,moveit (c++),True,True,0.4149,5.7032,0.4161,4.445e-06,0.1166
18,stomp,moveit (c++),True,True,0.836,5.6984,0.5852,1.114e-06,0.1244
19,joint interpolation,armik (python),True,False,0.0001,4.2223,0.4598,5.149e-31,0.0725
19,cartesian interpolation,armik (python),False,False,1.7139,,,,
19,rrt connect,armik (python),True,True,0.1115,4.4156,0.5165,8.439e-06,0.0645
19,pilz ptp,moveit (c++),True,False,0.0004,4.2223,0.4598,3.109e-31,0.0725
19,pilz lin,moveit (c++),False,False,0.0038,,,,
19,ompl rrtconnect,moveit (c++),True,True,0.0233,5.4172,1.0667,1.34e-05,0.1017
19,chomp,moveit (c++),True,True,0.3593,4.2284,0.4723,3.262e-07,0.0877
19,stomp,moveit (c++),True,True,0.1526,4.2368,0.5218,1.105e-07,0.1103
20,joint interpolation,armik (python),True,False,0.0001,5.4317,0.4039,5.112e-31,0.1064
20,cartesian interpolation,armik (python),False,False,1.6943,,,,
20,rrt connect,armik (python),True,True,0.0459,5.4365,0.4231,1.19e-07,0.118
20,pilz ptp,moveit (c++),True,False,0.0004,5.4317,0.4039,3.582e-31,0.1064
20,pilz lin,moveit (c++),False,False,0.0006,,,,
20,ompl rrtconnect,moveit (c++),True,True,0.0291,6.5013,0.9104,1.779e-05,0.1715
20,chomp,moveit (c++),True,True,0.3692,5.4392,0.3546,5.848e-07,0.1142
20,stomp,moveit (c++),True,True,0.0183,5.4329,0.4206,1.09e-08,0.1217
